Timestamp,Username,Name,Age,PhoneNumber,Address,Gender,Pincode,State,Blood Group,Available
2023-01-05 09:15:30,amit.kumar@example.com,Amit Kumar,28,9876543210,"House No. 45, Sector 8, Chandigarh",Male,160008,Chandigarh,B+,Monday;Wednesday;Friday
2023-01-12 14:20:10,simran.kaur@example.com,Simran Kaur,24,9988776655,"456, Phase 10, Mohali, Punjab",Female,160062,Punjab,O+,Saturday;Sunday
2023-01-18 11:05:45,raj.sharma@yahoo.com,Raj Sharma,32,9812345678,"123, Green Park, Delhi",Male,110016,Delhi,A+,Tuesday;Thursday
2023-01-22 16:30:00,neha.gupta@gmail.com,Neha Gupta,26,7890123456,"A-789, Vaishali Nagar, Jaipur",Female,302021,Rajasthan,AB+,Sunday
2023-02-03 10:45:20,vikram.singh@rediff.com,Vikram Singh,35,9876501234,"Village & Post Office Khanna, Ludhiana",Male,141401,Punjab,O-,Monday;Wednesday;Friday;Saturday
2023-02-14 08:30:15,anita.deswal@gmail.com,Anita Deswal,29,8569741230,"H.No. 78, Model Town, Hisar",Female,125001,Haryana,B+,Sunday
2023-02-19 13:25:40,rahul.mehta@outlook.com,Rahul Mehta,41,9998887776,"Tower 3, Flat 402, Noida Sector 62",Male,201309,Uttar Pradesh,A-,Wednesday;Thursday
2023-02-28 17:50:55,pankaj.thakur@yahoo.com,Pankaj Thakur,23,9418012345,"Near Bus Stand, Mandi, Himachal Pradesh",Male,175001,Himachal Pradesh,O+,Saturday;Sunday
2023-03-03 09:10:10,priyanka.sharma@gmail.com,Priyanka Sharma,22,7006234567,"Hostel No. 4, Panjab University, Chandigarh",Female,160014,Chandigarh,B-,Friday
2023-03-11 12:30:25,sunil.kumar@outlook.com,Sunil Kumar,38,9812123434,"Katra Dalal, Amritsar, Punjab",Male,143001,Punjab,A+,Monday;Wednesday;Friday
2023-03-17 15:45:40,deepika.rathore@gmail.com,Deepika Rathore,27,9825671234,"Sodala, Jaipur",Female,302006,Rajasthan,AB-,Saturday;Sunday
2023-03-24 11:00:55,arvind.rawat@yahoo.com,Arvind Rawat,31,9765345678,"Haridwar Road, Dehradun",Male,248001,Uttarakhand,O+,Monday;Tuesday;Wednesday
2023-03-30 14:20:10,sunita.devi@gmail.com,Sunita Devi,45,9810012345,"Village Sultanpur, District Gurugram",Female,122001,Haryana,B+,2023-05-15
2023-04-05 09:35:25,manoj.kashyap@rediff.com,Manoj Kashyap,29,9911223344,"Gali No. 5, Shastri Nagar, Meerut",Male,250002,Uttar Pradesh,A+,Thursday;Friday
2023-04-12 16:50:40,kavita.thakur@gmail.com,Kavita Thakur,26,9888999777,"Shimla, Himachal Pradesh",Female,171001,Himachal Pradesh,O-,Saturday
2023-04-18 10:15:55,amandeep.singh@yahoo.com,Amandeep Singh,33,9877777777,"Sector 37, Chandigarh",Male,160036,Chandigarh,O+,Monday;Tuesday;Wednesday;Thursday;Friday
2023-04-25 13:30:10,pooja.jain@gmail.com,Pooja Jain,30,9898989898,"C-Scheme, Jaipur",Female,302001,Rajasthan,AB+,Sunday
2023-05-02 08:45:25,sachin.yadav@outlook.com,Sachin Yadav,27,9811191919,"Faridabad, Haryana",Male,121001,Haryana,B+,Monday;Wednesday;Friday
2023-05-09 12:00:40,anjali.nair@gmail.com,Anjali Nair,24,9999911111,"Sector 15, Noida",Female,201301,Uttar Pradesh,B+,Saturday;Sunday
2023-05-16 15:15:55,harpreet.kaur@yahoo.com,Harpreet Kaur,31,9876512345,"Jalandhar Cantt, Punjab",Female,144005,Punjab,O+,Wednesday;Thursday;Friday
2023-05-23 09:30:10,ravi.shankar@gmail.com,Ravi Shankar,42,9765432100,"Alambagh, Lucknow",Male,226005,Uttar Pradesh,A-,Monday;Tuesday;Saturday
2023-05-30 14:45:25,rajesh.sharma@rediff.com,Rajesh Sharma,39,9822223344,"Bhiwani, Haryana",Male,127021,Haryana,B-,2023-06-10
2023-06-06 11:00:40,meena.kumari@gmail.com,Meena Kumari,48,9812345678,"Village Kangra, Himachal Pradesh",Female,176001,Himachal Pradesh,O+,Friday;Saturday
2023-06-13 16:15:55,ashish.verma@outlook.com,Ashish Verma,26,9911887766,"Sector 22, Chandigarh",Male,160022,Chandigarh,B+,Sunday
2023-06-20 09:30:10,komalpreet.kaur@gmail.com,Komalpreet Kaur,22,9814789654,"Patiala, Punjab",Female,147001,Punjab,O-,Saturday;Sunday
2023-06-27 12:45:25,sandeep.rathore@yahoo.com,Sandeep Rathore,34,9825087654,"Jodhpur, Rajasthan",Male,342001,Rajasthan,A+,Monday;Wednesday;Friday
2023-07-04 15:00:40,pawan.kumar@gmail.com,Pawan Kumar,29,9899765432,"Rohini, Delhi",Male,110085,Delhi,AB+,Thursday;Saturday
2023-07-11 10:15:55,shalini.tripathi@rediff.com,Shalini Tripathi,25,9999888777,"Gomti Nagar, Lucknow",Female,226010,Uttar Pradesh,O+,Sunday
2023-07-18 13:30:10,gurmeet.singh@gmail.com,Gurmeet Singh,36,9876123450,"Ferozepur, Punjab",Male,152001,Punjab,B+,Monday;Tuesday
2023-07-25 16:45:25,himanshu.sharma@outlook.com,Himanshu Sharma,31,7012345678,"Palampur, Himachal Pradesh",Male,176061,Himachal Pradesh,O+,2023-08-01
2023-08-01 09:00:40,sneha.agarwal@gmail.com,Sneha Agarwal,27,9822334455,"Civil Lines, Alwar",Female,301001,Rajasthan,A-,Sunday
2023-08-08 12:15:55,varun.gupta@yahoo.com,Varun Gupta,32,9911772233,"Karnal, Haryana",Male,132001,Haryana,B+,Wednesday;Thursday;Friday
2023-08-15 15:30:10,ritu.sharma@gmail.com,Ritu Sharma,29,9812312345,"Dwarka, Delhi",Female,110075,Delhi,O+,Monday;Wednesday
2023-08-22 09:45:25,amit.kumar@rediff.com,Amit Kumar,33,9876509876,"Greater Noida, Uttar Pradesh",Male,201310,Uttar Pradesh,AB-,Saturday;Sunday
2023-08-29 12:00:40,sukhvinder.kaur@gmail.com,Sukhvinder Kaur,40,9814123456,"Bathinda, Punjab",Female,151001,Punjab,O+,Sunday
2023-09-05 15:15:55,rakesh.bhardwaj@yahoo.com,Rakesh Bhardwaj,37,9911554433,"Sonipat, Haryana",Male,131001,Haryana,B-,Tuesday;Thursday
2023-09-12 09:30:10,jyoti.thakur@gmail.com,Jyoti Thakur,24,9888777666,"Dharamshala, Himachal Pradesh",Female,176215,Himachal Pradesh,A+,2023-09-20
2023-09-19 12:45:25,manpreet.singh@outlook.com,Manpreet Singh,28,9814067890,"SAS Nagar, Mohali, Punjab",Male,160059,Punjab,O+,Monday;Tuesday;Wednesday;Thursday;Friday;Saturday;Sunday
2023-09-26 16:00:40,nidhi.sharma@gmail.com,Nidhi Sharma,26,9825123456,"Vaishali, Ghaziabad",Female,201010,Uttar Pradesh,AB+,Sunday
2023-10-03 10:15:55,deepak.chauhan@yahoo.com,Deepak Chauhan,30,9912345678,"Rohtak, Haryana",Male,124001,Haryana,B+,Wednesday;Friday
2023-10-10 13:30:10,sarita.devi@gmail.com,Sarita Devi,42,9810012345,"Sriganganagar, Rajasthan",Female,335001,Rajasthan,O-,Saturday
2023-10-17 15:45:25,rajeev.ranjan@rediff.com,Rajeev Ranjan,35,9876501234,"Patna (but north India?), actually Delhi",Male,110001,Delhi,A+,Monday;Tuesday;Wednesday
2023-10-24 09:00:40,kuldeep.singh@gmail.com,Kuldeep Singh,29,9888999888,"Hoshiarpur, Punjab",Male,146001,Punjab,O+,Thursday;Friday;Saturday
2023-10-31 12:15:55,pooja.rathore@outlook.com,Pooja Rathore,23,9812349876,"Jaisalmer, Rajasthan",Female,345001,Rajasthan,B+,2023-11-05
2023-11-07 15:30:10,vikas.yadav@gmail.com,Vikas Yadav,27,9898989899,"Gurugram, Haryana",Male,122002,Haryana,AB-,Monday;Wednesday;Friday
2023-11-14 09:45:25,anil.kumar@yahoo.com,Anil Kumar,44,9810056789,"Ambala Cantt, Haryana",Male,133001,Haryana,O+,Saturday;Sunday
2023-11-21 12:00:40,swati.sharma@gmail.com,Swati Sharma,25,9998887776,"Jammu, Jammu and Kashmir",Female,180001,Jammu and Kashmir,A-,Sunday
2023-11-28 15:15:55,rohit.malik@rediff.com,Rohit Malik,31,9876512345,"Saharanpur, Uttar Pradesh",Male,247001,Uttar Pradesh,B+,Tuesday;Thursday
2023-12-05 09:30:10,preeti.rana@gmail.com,Preeti Rana,28,9812312345,"Shimla, Himachal Pradesh",Female,171002,Himachal Pradesh,O+,Saturday;Sunday
2023-12-12 12:45:25,sandeep.kaur@outlook.com,Sandeep Kaur,34,9814111222,"Ludhiana, Punjab",Female,141001,Punjab,AB+,Monday;Tuesday;Wednesday
2023-12-19 16:00:40,mohit.gupta@gmail.com,Mohit Gupta,29,9911887766,"Meerut, Uttar Pradesh",Male,250001,Uttar Pradesh,O-,Friday;Saturday
2023-12-26 10:15:55,asha.kumari@yahoo.com,Asha Kumari,36,9812345679,"Hisar, Haryana",Female,125005,Haryana,B+,2024-01-10
2024-01-02 13:30:10,gagan.deep@gmail.com,Gagan Deep,26,9876543211,"Pathankot, Punjab",Male,145001,Punjab,A+,Wednesday;Thursday
2024-01-09 15:45:25,reena.sharma@rediff.com,Reena Sharma,31,9812387654,"Udaipur, Rajasthan",Female,313001,Rajasthan,O+,Saturday;Sunday
2024-01-16 09:00:40,sanjeev.kumar@gmail.com,Sanjeev Kumar,38,9810098765,"Bhiwadi, Rajasthan",Male,301019,Rajasthan,AB-,Monday;Tuesday;Friday
2024-01-23 12:15:55,neeraj.chaudhary@outlook.com,Neeraj Chaudhary,32,9911223344,"Noida Sector 18, Uttar Pradesh",Male,201301,Uttar Pradesh,B+,Sunday
2024-01-30 15:30:10,poonam.rani@gmail.com,Poonam Rani,27,9888777665,"Kurukshetra, Haryana",Female,136118,Haryana,O-,Saturday
2024-02-06 09:45:25,sachin.rana@yahoo.com,Sachin Rana,30,9812398765,"Dehradun, Uttarakhand",Male,248001,Uttarakhand,A+,Monday;Wednesday;Friday
2024-02-13 12:00:40,ruchi.singh@gmail.com,Ruchi Singh,24,9822334455,"Lucknow, Uttar Pradesh",Female,226001,Uttar Pradesh,AB+,2024-02-20
2024-02-20 15:15:55,amit.chauhan@rediff.com,Amit Chauhan,33,9876543210,"Faridabad, Haryana",Male,121002,Haryana,B+,Tuesday;Thursday;Saturday
2024-02-27 09:30:10,kiran.pal@gmail.com,Kiran Pal,29,9812376543,"Zirakpur, Punjab",Male,140603,Punjab,O+,Monday;Wednesday;Friday
2024-03-05 12:45:25,divya.sharma@outlook.com,Divya Sharma,25,9988771122,"Sector 15, Panchkula, Haryana",Female,134109,Haryana,B-,Saturday;Sunday
2024-03-12 16:00:40,ankur.verma@gmail.com,Ankur Verma,34,9812334455,"Saket, Delhi",Male,110017,Delhi,A+,Thursday;Friday
2024-03-19 10:15:55,priya.singh@yahoo.com,Priya Singh,28,9876501234,"Civil Lines, Allahabad, Uttar Pradesh",Female,211001,Uttar Pradesh,O+,Monday;Tuesday;Wednesday
2024-03-26 13:30:10,manish.yadav@gmail.com,Manish Yadav,31,9810012345,"Gandhinagar, Jammu, Jammu and Kashmir",Male,180004,Jammu and Kashmir,B+,2024-04-01
2024-04-02 15:45:25,sonia.thakur@rediff.com,Sonia Thakur,22,9812345678,"Kullu, Himachal Pradesh",Female,175101,Himachal Pradesh,AB+,Sunday
2024-04-09 09:00:40,gaurav.kumar@outlook.com,Gaurav Kumar,27,9811198765,"Sector 21, Gurugram, Haryana",Male,122001,Haryana,O-,Monday;Tuesday;Friday
2024-04-16 12:15:55,neha.jain@gmail.com,Neha Jain,26,9812349876,"Malviya Nagar, Jaipur, Rajasthan",Female,302017,Rajasthan,A+,Wednesday;Thursday
2024-04-23 15:30:10,rahul.singh@yahoo.com,Rahul Singh,33,9812312345,"Indira Nagar, Lucknow, Uttar Pradesh",Male,226016,Uttar Pradesh,B+,Saturday;Sunday
2024-04-30 09:45:25,kavita.rani@gmail.com,Kavita Rani,30,9812387654,"Roorkee, Uttarakhand",Female,247667,Uttarakhand,O+,2024-05-05
2024-05-07 12:00:40,deepak.sharma@rediff.com,Deepak Sharma,29,9812398765,"Model Town, Hisar, Haryana",Male,125005,Haryana,AB-,Monday;Thursday
2024-05-14 15:15:55,anjali.mehta@gmail.com,Anjali Mehta,24,9812401234,"Sector 8, Chandigarh",Female,160008,Chandigarh,O+,Sunday
2024-05-21 09:30:10,varun.kumar@outlook.com,Varun Kumar,32,9812412345,"Patiala, Punjab",Male,147001,Punjab,A+,Tuesday;Wednesday;Friday
2024-05-28 12:45:25,pooja.sharma@gmail.com,Pooja Sharma,27,9812423456,"Gandhi Nagar, Jammu, Jammu and Kashmir",Female,180001,Jammu and Kashmir,B-,Saturday;Sunday
2024-06-04 16:00:40,sachin.singh@yahoo.com,Sachin Singh,35,9812434567,"Vasant Vihar, Delhi",Male,110057,Delhi,O+,Monday;Wednesday
2024-06-11 10:15:55,priyanka.gupta@gmail.com,Priyanka Gupta,26,9812445678,"Sector 17, Panchkula, Haryana",Female,134109,Haryana,AB+,2024-06-18
2024-06-18 13:30:10,amit.thakur@rediff.com,Amit Thakur,28,9812456789,"Dharamshala, Himachal Pradesh",Male,176215,Himachal Pradesh,A-,Thursday;Friday
2024-06-25 15:45:25,neha.verma@gmail.com,Neha Verma,23,9812467890,"Sector 22, Noida, Uttar Pradesh",Female,201301,Uttar Pradesh,O+,Saturday;Sunday
2024-07-02 09:00:40,rakesh.kumar@outlook.com,Rakesh Kumar,41,9812478901,"Ludhiana, Punjab",Male,141001,Punjab,B+,Monday;Tuesday;Wednesday
2024-07-09 12:15:55,sonal.jain@gmail.com,Sonal Jain,29,9812489012,"Vaishali Nagar, Jaipur, Rajasthan",Female,302021,Rajasthan,O-,Sunday
2024-07-16 15:30:10,manoj.sharma@yahoo.com,Manoj Sharma,37,9812490123,"Ambala City, Haryana",Male,134003,Haryana,A+,2024-07-25
2024-07-23 09:45:25,priya.rani@gmail.com,Priya Rani,25,9812501234,"Haridwar, Uttarakhand",Female,249401,Uttarakhand,B+,Wednesday;Friday
2024-07-30 12:00:40,rajesh.kumar@rediff.com,Rajesh Kumar,33,9812512345,"Ghaziabad, Uttar Pradesh",Male,201001,Uttar Pradesh,AB-,Monday;Tuesday;Thursday
2024-08-06 15:15:55,neetu.singh@gmail.com,Neetu Singh,31,9812523456,"Shimla, Himachal Pradesh",Female,171001,Himachal Pradesh,O+,Saturday;Sunday
2024-08-13 09:30:10,sunil.kumar@outlook.com,Sunil Kumar,29,9812534567,"Jalandhar, Punjab",Male,144001,Punjab,A+,Sunday
2024-08-20 12:45:25,meena.devi@gmail.com,Meena Devi,46,9812545678,"Kangra, Himachal Pradesh",Female,176001,Himachal Pradesh,B-,2024-08-28
2024-08-27 16:00:40,arvind.singh@yahoo.com,Arvind Singh,38,9812556789,"Dehradun, Uttarakhand",Male,248001,Uttarakhand,O+,Monday;Wednesday;Friday
2024-09-03 10:15:55,asha.sharma@gmail.com,Asha Sharma,27,9812567890,"Sector 14, Gurugram, Haryana",Female,122001,Haryana,AB+,Saturday;Sunday
2024-09-10 13:30:10,deepak.rana@rediff.com,Deepak Rana,32,9812578901,"Saharanpur, Uttar Pradesh",Male,247001,Uttar Pradesh,O-,Tuesday;Thursday
2024-09-17 15:45:25,pooja.thakur@gmail.com,Pooja Thakur,24,9812589012,"Palampur, Himachal Pradesh",Female,176061,Himachal Pradesh,A+,Monday;Wednesday
2024-09-24 09:00:40,rajat.gupta@outlook.com,Rajat Gupta,30,9812590123,"Alwar, Rajasthan",Male,301001,Rajasthan,B+,2024-10-01
2024-10-01 12:15:55,swati.singh@gmail.com,Swati Singh,26,9812601234,"Rishikesh, Uttarakhand",Female,249201,Uttarakhand,O+,Sunday
2024-10-08 15:30:10,manish.kumar@yahoo.com,Manish Kumar,35,9812612345,"Firozabad, Uttar Pradesh",Male,283203,Uttar Pradesh,AB-,Friday;Saturday
2024-10-15 09:45:25,kiran.kumari@gmail.com,Kiran Kumari,28,9812623456,"Bathinda, Punjab",Female,151001,Punjab,B+,Monday;Tuesday;Wednesday
2024-10-22 12:00:40,vikas.sharma@rediff.com,Vikas Sharma,31,9812634567,"Sirsa, Haryana",Male,125055,Haryana,A+,Thursday;Friday
2024-10-29 15:15:55,neha.rana@gmail.com,Neha Rana,22,9812645678,"Jammu, Jammu and Kashmir",Female,180001,Jammu and Kashmir,O-,Saturday;Sunday
2024-11-05 09:30:10,amit.kumar2@outlook.com,Amit Kumar,39,9812656789,"Meerut, Uttar Pradesh",Male,250001,Uttar Pradesh,B+,2024-11-12
2024-11-12 12:45:25,pooja.singh@gmail.com,Pooja Singh,27,9812667890,"Jaipur, Rajasthan",Female,302001,Rajasthan,O+,Monday;Wednesday;Friday